Team,Game Link,Ball possession,Expected goals,Big chances,Total shots,Goalkeeper saves,Corner kicks,Fouls,Passes,Tackles,Free kicks,Yellow cards,Red cards,Shots on target,Hit woodwork,Shots off target,Blocked shots,Shots inside box,Shots outside box,Big chances scored,Big chances missed,Through balls,Touches in penalty area,Fouled in final third,Offsides,Accurate passes,Throw-ins,Final third entries,Long balls,Crosses,Duels,Dispossessed,Ground duels,Aerial duels,Dribbles,Tackles won,Total tackles,Interceptions,Recoveries,Clearances,Goals prevented,Goalkeeper saves,Goal kicks,Goals,Date
San marino,https://www.sofascore.com/san-marino-denmark/BObsIWb#id:10752553,18%,No information,0,5,1,3,14,172,29,8,4,No information,2,0,3,0,3,2,0,No information,0,No information,1,No information,87,12,33,12/52 (23%),1/7 (14%),46%,7,42/82 (51%),5/20 (25%),5/14 (36%),66%,29,16,82,50,No information,1,6,2,"17/10/2023, 11:45"
Denmark,https://www.sofascore.com/san-marino-denmark/BObsIWb#id:10752553,82%,No information,1,10,0,6,10,783,16,14,1,No information,4,0,3,3,5,5,1,No information,1,No information,3,No information,681,44,111,23/49 (47%),5/21 (24%),54%,10,40/82 (49%),15/20 (75%),10/29 (34%),56%,16,4,69,9,No information,0,5,1,"17/10/2023, 11:45"

Denmark,https://www.sofascore.com/slovenia-denmark/BObsJOb#id:10752569,32%,1.10,2,11,3,5,12,311,14,9,2,No information,2,1,7,2,5,6,0,2,3,12,2,3,241,14,43,30/52 (58%),5/14 (36%),47%,2,26/45 (58%),9/30 (30%),3/8 (38%),50%,14,13,39,30,0.97,3,9,2,"17/11/2023, 11:45"
Slovenia,https://www.sofascore.com/slovenia-denmark/BObsJOb#id:10752569,68%,1.66,2,16,1,9,9,658,7,11,1,No information,4,0,6,6,12,4,1,1,0,33,2,1,583,16,53,17/39 (44%),9/25 (36%),53%,6,19/45 (42%),21/30 (70%),1/9 (11%),29%,7,5,37,17,-0.61,1,9,1,"17/11/2023, 11:45"

Northern ireland,https://www.sofascore.com/northern-ireland-denmark/BObsLVb#id:10752590,20%,No information,1,7,5,2,6,198,15,8,2,No information,2,1,3,2,5,2,1,0,No information,No information,0,1,105,16,42,19/64 (30%),2/8 (25%),48%,9,27/60 (45%),23/44 (52%),4/15 (27%),53%,15,8,43,47,No information,5,18,2,"20/11/2023, 11:45"
Denmark,https://www.sofascore.com/northern-ireland-denmark/BObsLVb#id:10752590,80%,No information,2,14,0,10,8,760,20,5,2,No information,3,0,7,4,8,6,0,2,No information,No information,2,0,664,22,68,21/51 (41%),12/39 (31%),52%,9,33/60 (55%),21/44 (48%),8/14 (57%),65%,20,6,53,16,No information,0,4,0,"20/11/2023, 11:45"

Denmark,https://www.sofascore.com/switzerland-denmark/BObsZTb#id:12021302,47%,No information,No information,7,2,2,10,491,13,9,2,No information,2,0,5,0,3,4,No information,No information,No information,No information,3,1,416,18,44,20/43 (47%),3/13 (23%),45%,9,24/53 (45%),5/11 (45%),2/9 (22%),62%,13,10,51,18,No information,2,6,0,"23/03/2024, 12:00"
Switzerland,https://www.sofascore.com/switzerland-denmark/BObsZTb#id:12021302,53%,No information,No information,9,2,3,9,564,16,10,3,No information,2,0,3,4,4,5,No information,No information,No information,No information,1,2,494,14,43,30/51 (59%),0/7 (0%),55%,7,29/53 (55%),6/11 (55%),3/9 (33%),44%,16,19,51,24,No information,2,7,0,"23/03/2024, 12:00"

Denmark,https://www.sofascore.com/faroe-islands-denmark/BObskVb#id:12021306,64%,No information,4,19,1,8,8,692,14,7,No information,No information,8,0,3,8,14,5,2,2,No information,No information,1,2,600,19,106,54/70 (77%),11/32 (34%),58%,5,28/53 (53%),18/26 (69%),7/13 (54%),71%,14,5,53,10,No information,1,4,2,"26/03/2024, 12:15"
Faroe islands,https://www.sofascore.com/faroe-islands-denmark/BObskVb#id:12021306,36%,No information,0,7,6,3,7,389,11,8,No information,No information,2,0,4,1,4,3,0,0,No information,No information,0,2,308,18,39,25/50 (50%),2/7 (29%),42%,5,25/53 (47%),8/26 (31%),6/15 (40%),64%,11,14,51,37,No information,6,7,0,"26/03/2024, 12:15"

Denmark,https://www.sofascore.com/sweden-denmark/BObsNTb#id:12076175,50%,No information,3,20,1,12,6,502,22,16,0,No information,9,0,6,5,15,5,1,2,3,45,3,0,427,15,60,20/42 (48%),11/22 (50%),59%,7,48/84 (57%),11/16 (69%),11/21 (52%),73%,22,13,53,18,No information,1,4,2,"05/06/2024, 10:00"
Sweden,https://www.sofascore.com/sweden-denmark/BObsNTb#id:12076175,50%,No information,2,10,7,6,16,514,17,6,2,No information,2,0,2,6,8,2,1,1,0,28,1,1,450,7,43,16/37 (43%),2/14 (14%),41%,14,36/84 (43%),5/16 (31%),13/21 (62%),47%,17,8,51,27,No information,7,10,1,"05/06/2024, 10:00"

Slovenia,https://www.sofascore.com/slovenia-denmark/BObsJOb#id:11873971,32%,1.10,2,11,3,5,12,311,14,9,2,No information,2,1,7,2,5,6,0,2,3,12,2,3,241,14,43,30/52 (58%),5/14 (36%),47%,2,26/45 (58%),9/30 (30%),3/8 (38%),50%,14,13,39,30,0.97,3,9,1,"16/06/2024, 09:00"
Denmark,https://www.sofascore.com/slovenia-denmark/BObsJOb#id:11873971,68%,1.66,2,16,1,9,9,658,7,11,1,No information,4,0,6,6,12,4,1,1,0,33,2,1,583,16,53,17/39 (44%),9/25 (36%),53%,6,19/45 (42%),21/30 (70%),1/9 (11%),29%,7,5,37,17,-0.61,1,9,1,"16/06/2024, 09:00"

Denmark,https://www.sofascore.com/denmark-norway/AObsBOb#id:12076182,43%,No information,2,11,2,4,9,446,18,11,1,No information,6,0,2,3,8,3,2,0,0,19,1,1,385,14,47,17/40 (43%),4/12 (33%),49%,6,28/55 (51%),5/12 (42%),0/3 (0%),83%,18,4,42,21,No information,2,6,3,"08/06/2024, 10:30"
Norway,https://www.sofascore.com/denmark-norway/AObsBOb#id:12076182,57%,No information,2,7,3,6,11,606,9,7,1,No information,3,0,3,1,7,0,1,1,1,21,3,1,543,13,64,27/52 (52%),2/14 (14%),51%,11,27/55 (49%),7/12 (58%),11/18 (61%),89%,9,6,46,9,No information,3,3,1,"08/06/2024, 10:30"

Denmark,https://www.sofascore.com/tunisia-denmark/BObsEUb#id:10230576,61%,1.60,1,11,1,11,9,595,12,9,2,No information,5,1,3,3,7,4,No information,1,0,No information,3,1,501,24,74,35/67 (52%),8/25 (32%),44%,12,22/62 (35%),20/33 (61%),1/13 (8%),50%,12,11,No information,11,0.93,1,6,0,"22/11/2022, 05:00"
Tunisia,https://www.sofascore.com/tunisia-denmark/BObsEUb#id:10230576,39%,0.92,1,13,5,9,10,374,24,9,1,No information,1,0,5,7,8,5,No information,1,1,No information,0,1,280,24,47,20/58 (34%),4/13 (31%),56%,9,40/62 (65%),13/33 (39%),7/10 (70%),67%,24,8,No information,37,0.88,5,7,0,"22/11/2022, 05:00"

Australia,https://www.sofascore.com/australia-denmark/BObsQUb#id:10230560,31%,0.59,No information,8,3,2,11,304,15,9,2,No information,4,0,2,2,4,4,No information,No information,No information,No information,0,1,195,32,48,28/67 (42%),2/11 (18%),56%,4,28/53 (53%),26/43 (60%),4/11 (36%),47%,15,12,No information,32,0.43,3,10,1,"30/11/2022, 07:00"
Denmark,https://www.sofascore.com/australia-denmark/BObsQUb#id:10230560,69%,0.65,No information,13,3,6,10,664,11,10,1,No information,3,0,5,5,11,2,No information,No information,No information,No information,3,3,548,27,85,49/87 (56%),4/26 (15%),44%,3,25/53 (47%),17/43 (40%),4/16 (25%),82%,11,7,No information,20,0.28,3,4,0,"30/11/2022, 07:00"

Denmark,https://www.sofascore.com/finland-denmark/BObsmUb#id:10752369,36%,No information,No information,4,5,1,10,430,18,5,3,No information,0,0,2,2,2,2,No information,No information,No information,No information,0,3,329,21,42,34/69 (49%),1/4 (25%),53%,7,25/47 (53%),14/26 (54%),3/6 (50%),61%,18,2,64,18,No information,5,13,3,"23/03/2023, 12:45"
Finland,https://www.sofascore.com/finland-denmark/BObsmUb#id:10752369,64%,No information,No information,16,0,6,6,757,10,9,4,No information,6,0,5,5,8,8,No information,No information,No information,No information,4,1,676,17,123,24/51 (47%),10/23 (43%),47%,8,22/47 (47%),12/26 (46%),4/14 (29%),90%,10,9,73,9,No information,0,2,1,"23/03/2023, 12:45"

Kazakhstan,https://www.sofascore.com/kazakhstan-denmark/BObsxVb#id:10752390,64%,No information,4,18,0,5,5,675,11,11,2,No information,4,0,8,6,10,8,3,1,1,No information,5,1,589,19,79,29/48 (60%),4/14 (29%),63%,9,28/48 (58%),19/27 (70%),6/9 (67%),64%,11,3,63,9,No information,0,8,3,"26/03/2023, 06:00"
Denmark,https://www.sofascore.com/kazakhstan-denmark/BObsxVb#id:10752390,36%,No information,2,6,1,1,11,385,12,5,1,No information,1,0,3,2,3,3,1,1,2,No information,1,6,294,24,40,22/59 (37%),2/9 (22%),37%,6,20/48 (42%),8/27 (30%),4/9 (44%),58%,12,9,61,13,No information,1,12,2,"26/03/2023, 06:00"

Denmark,https://www.sofascore.com/northern-ireland-denmark/BObsLVb#id:10752419,20%,No information,1,7,5,2,6,198,15,8,2,No information,2,1,3,2,5,2,1,0,No information,No information,0,1,105,16,42,19/64 (30%),2/8 (25%),48%,9,27/60 (45%),23/44 (52%),4/15 (27%),53%,15,8,43,47,No information,5,18,1,"16/06/2023, 11:45"
Northern ireland,https://www.sofascore.com/northern-ireland-denmark/BObsLVb#id:10752419,80%,No information,2,14,0,10,8,760,20,5,2,No information,3,0,7,4,8,6,0,2,No information,No information,2,0,664,22,68,21/51 (41%),12/39 (31%),52%,9,33/60 (55%),21/44 (48%),8/14 (57%),65%,20,6,53,16,No information,0,4,0,"16/06/2023, 11:45"

Slovenia,https://www.sofascore.com/slovenia-denmark/BObsJOb#id:10752445,32%,1.10,2,11,3,5,12,311,14,9,2,No information,2,1,7,2,5,6,0,2,3,12,2,3,241,14,43,30/52 (58%),5/14 (36%),47%,2,26/45 (58%),9/30 (30%),3/8 (38%),50%,14,13,39,30,0.97,3,9,1,"19/06/2023, 11:45"
Denmark,https://www.sofascore.com/slovenia-denmark/BObsJOb#id:10752445,68%,1.66,2,16,1,9,9,658,7,11,1,No information,4,0,6,6,12,4,1,1,0,33,2,1,583,16,53,17/39 (44%),9/25 (36%),53%,6,19/45 (42%),21/30 (70%),1/9 (11%),29%,7,5,37,17,-0.61,1,9,1,"19/06/2023, 11:45"

Denmark,https://www.sofascore.com/san-marino-denmark/BObsIWb#id:10752468,18%,No information,0,5,1,3,14,172,29,8,4,No information,2,0,3,0,3,2,0,No information,0,No information,1,No information,87,12,33,12/52 (23%),1/7 (14%),46%,7,42/82 (51%),5/20 (25%),5/14 (36%),66%,29,16,82,50,No information,1,6,4,"07/09/2023, 11:45"
San marino,https://www.sofascore.com/san-marino-denmark/BObsIWb#id:10752468,82%,No information,1,10,0,6,10,783,16,14,1,No information,4,0,3,3,5,5,1,No information,1,No information,3,No information,681,44,111,23/49 (47%),5/21 (24%),54%,10,40/82 (49%),15/20 (75%),10/29 (34%),56%,16,4,69,9,No information,0,5,0,"07/09/2023, 11:45"

Finland,https://www.sofascore.com/finland-denmark/BObsmUb#id:10752487,36%,No information,No information,4,5,1,10,430,18,5,3,No information,0,0,2,2,2,2,No information,No information,No information,No information,0,3,329,21,42,34/69 (49%),1/4 (25%),53%,7,25/47 (53%),14/26 (54%),3/6 (50%),61%,18,2,64,18,No information,5,13,1,"10/09/2023, 09:00"
Denmark,https://www.sofascore.com/finland-denmark/BObsmUb#id:10752487,64%,No information,No information,16,0,6,6,757,10,9,4,No information,6,0,5,5,8,8,No information,No information,No information,No information,4,1,676,17,123,24/51 (47%),10/23 (43%),47%,8,22/47 (47%),12/26 (46%),4/14 (29%),90%,10,9,73,9,No information,0,2,0,"10/09/2023, 09:00"

Denmark,https://www.sofascore.com/kazakhstan-denmark/BObsxVb#id:10752529,64%,No information,4,18,0,5,5,675,11,11,2,No information,4,0,8,6,10,8,3,1,1,No information,5,1,589,19,79,29/48 (60%),4/14 (29%),63%,9,28/48 (58%),19/27 (70%),6/9 (67%),64%,11,3,63,9,No information,0,8,3,"14/10/2023, 11:45"
Kazakhstan,https://www.sofascore.com/kazakhstan-denmark/BObsxVb#id:10752529,36%,No information,2,6,1,1,11,385,12,5,1,No information,1,0,3,2,3,3,1,1,2,No information,1,6,294,24,40,22/59 (37%),2/9 (22%),37%,6,20/48 (42%),8/27 (30%),4/9 (44%),58%,12,9,61,13,No information,1,12,1,"14/10/2023, 11:45"

France,https://www.sofascore.com/france-denmark/BObsGOb#id:10230577,49%,2.42,4,21,1,6,4,491,20,9,1,No information,7,0,6,8,16,5,1,3,1,No information,2,1,421,22,49,33/59 (56%),9/20 (45%),53%,11,39/67 (58%),9/23 (39%),10/18 (56%),60%,20,10,No information,14,-0.63,1,11,2,"26/11/2022, 08:00"
Denmark,https://www.sofascore.com/france-denmark/BObsGOb#id:10230577,51%,0.64,1,10,4,4,9,528,19,4,2,No information,2,1,6,2,5,5,1,0,0,No information,1,1,456,22,66,33/54 (61%),4/16 (25%),47%,10,28/67 (42%),14/23 (61%),5/15 (33%),63%,19,5,No information,19,-0.50,4,6,1,"26/11/2022, 08:00"

Denmark,https://www.sofascore.com/faroe-islands-denmark/BObskVb#id:9223868,64%,No information,4,19,1,8,8,692,14,7,No information,No information,8,0,3,8,14,5,2,2,No information,No information,1,2,600,19,106,54/70 (77%),11/32 (34%),58%,5,28/53 (53%),18/26 (69%),7/13 (54%),71%,14,5,53,10,No information,1,4,3,"12/11/2021, 11:45"
Faroe islands,https://www.sofascore.com/faroe-islands-denmark/BObskVb#id:9223868,36%,No information,0,7,6,3,7,389,11,8,No information,No information,2,0,4,1,4,3,0,0,No information,No information,0,2,308,18,39,25/50 (50%),2/7 (29%),42%,5,25/53 (47%),8/26 (31%),6/15 (40%),64%,11,14,51,37,No information,6,7,1,"12/11/2021, 11:45"

Netherlands,https://www.sofascore.com/netherlands-denmark/BObsfUb#id:10102035,54%,No information,No information,16,2,6,10,No information,No information,7,0,0,9,No information,5,2,No information,No information,No information,No information,No information,No information,No information,1,No information,6,No information,No information,No information,No information,No information,No information,No information,No information,No information,No information,No information,No information,No information,No information,2,5,4,"26/03/2022, 12:45"
Denmark,https://www.sofascore.com/netherlands-denmark/BObsfUb#id:10102035,46%,No information,No information,8,5,4,5,No information,No information,11,1,0,4,No information,3,1,No information,No information,No information,No information,No information,No information,No information,2,No information,11,No information,No information,No information,No information,No information,No information,No information,No information,No information,No information,No information,No information,No information,No information,5,4,2,"26/03/2022, 12:45"

Denmark,https://www.sofascore.com/serbia-denmark/BObsfCc#id:10102069,48%,No information,No information,9,1,5,7,No information,No information,14,0,0,3,No information,4,2,No information,No information,No information,No information,No information,No information,No information,1,No information,18,No information,No information,No information,No information,No information,No information,No information,No information,No information,No information,No information,No information,No information,No information,1,12,3,"29/03/2022, 09:00"
Serbia,https://www.sofascore.com/serbia-denmark/BObsfCc#id:10102069,52%,No information,No information,9,0,9,12,No information,No information,8,0,0,1,No information,7,1,No information,No information,No information,No information,No information,No information,No information,2,No information,16,No information,No information,No information,No information,No information,No information,No information,No information,No information,No information,No information,No information,No information,No information,0,4,0,"29/03/2022, 09:00"

France,https://www.sofascore.com/france-denmark/BObsGOb#id:10023340,49%,2.42,4,21,1,6,4,491,20,9,1,No information,7,0,6,8,16,5,1,3,1,No information,2,1,421,22,49,33/59 (56%),9/20 (45%),53%,11,39/67 (58%),9/23 (39%),10/18 (56%),60%,20,10,No information,14,-0.63,1,11,2,"03/06/2022, 11:45"
Denmark,https://www.sofascore.com/france-denmark/BObsGOb#id:10023340,51%,0.64,1,10,4,4,9,528,19,4,2,No information,2,1,6,2,5,5,1,0,0,No information,1,1,456,22,66,33/54 (61%),4/16 (25%),47%,10,28/67 (42%),14/23 (61%),5/15 (33%),63%,19,5,No information,19,-0.50,4,6,1,"03/06/2022, 11:45"

Austria,https://www.sofascore.com/austria-denmark/BObstUb#id:10023453,53%,No information,2,15,2,5,9,588,8,12,1,No information,6,1,7,2,9,6,2,No information,1,No information,3,0,504,15,72,33/63 (52%),5/12 (42%),55%,10,35/67 (52%),19/32 (59%),15/24 (63%),63%,8,8,No information,18,No information,2,7,2,"06/06/2022, 11:45"
Denmark,https://www.sofascore.com/austria-denmark/BObstUb#id:10023453,47%,No information,0,9,4,4,13,508,19,9,2,No information,2,0,4,3,3,6,0,No information,0,No information,0,2,422,14,60,31/56 (55%),1/17 (6%),45%,5,32/67 (48%),13/32 (41%),4/7 (57%),58%,19,11,No information,18,No information,4,10,1,"06/06/2022, 11:45"

Denmark,https://www.sofascore.com/croatia-denmark/BObspUb#id:10023425,49%,No information,0,12,3,4,11,570,8,7,1,No information,4,0,8,0,5,7,No information,0,1,No information,1,1,504,20,56,22/35 (63%),2/19 (11%),48%,6,24/51 (47%),8/15 (53%),9/14 (64%),75%,8,14,No information,17,No information,3,3,1,"10/06/2022, 11:45"
Croatia,https://www.sofascore.com/croatia-denmark/BObspUb#id:10023425,51%,No information,1,7,2,2,7,602,11,10,1,No information,4,0,1,2,4,3,No information,1,0,No information,2,1,517,16,49,31/47 (66%),3/13 (23%),52%,5,27/51 (53%),7/15 (47%),6/9 (67%),55%,11,10,No information,16,No information,2,9,0,"10/06/2022, 11:45"

Scotland,https://www.sofascore.com/scotland-denmark/BObsVTb#id:9223956,41%,No information,3,9,2,10,6,389,9,8,0,No information,5,1,2,2,6,3,1,2,1,No information,0,1,296,21,58,33/71 (46%),5/25 (20%),52%,3,23/41 (56%),15/32 (47%),6/13 (46%),33%,9,13,No information,28,No information,2,8,2,"15/11/2021, 11:45"
Denmark,https://www.sofascore.com/scotland-denmark/BObsVTb#id:9223956,59%,No information,0,10,2,6,8,575,10,4,1,No information,2,0,2,6,6,4,0,0,0,No information,1,1,481,25,39,22/42 (52%),3/27 (11%),48%,6,18/41 (44%),17/32 (53%),5/8 (63%),40%,10,11,No information,29,No information,2,8,0,"15/11/2021, 11:45"

Denmark,https://www.sofascore.com/austria-denmark/BObstUb#id:10023443,53%,No information,2,15,2,5,9,588,8,12,1,No information,6,1,7,2,9,6,2,No information,1,No information,3,0,504,15,72,33/63 (52%),5/12 (42%),55%,10,35/67 (52%),19/32 (59%),15/24 (63%),63%,8,8,No information,18,No information,2,7,2,"13/06/2022, 11:45"
Austria,https://www.sofascore.com/austria-denmark/BObstUb#id:10023443,47%,No information,0,9,4,4,13,508,19,9,2,No information,2,0,4,3,3,6,0,No information,0,No information,0,2,422,14,60,31/56 (55%),1/17 (6%),45%,5,32/67 (48%),13/32 (41%),4/7 (57%),58%,19,11,No information,18,No information,4,10,0,"13/06/2022, 11:45"

Croatia,https://www.sofascore.com/croatia-denmark/BObspUb#id:10023439,49%,No information,0,12,3,4,11,570,8,7,1,No information,4,0,8,0,5,7,No information,0,1,No information,1,1,504,20,56,22/35 (63%),2/19 (11%),48%,6,24/51 (47%),8/15 (53%),9/14 (64%),75%,8,14,No information,17,No information,3,3,2,"22/09/2022, 11:45"
Denmark,https://www.sofascore.com/croatia-denmark/BObspUb#id:10023439,51%,No information,1,7,2,2,7,602,11,10,1,No information,4,0,1,2,4,3,No information,1,0,No information,2,1,517,16,49,31/47 (66%),3/13 (23%),52%,5,27/51 (53%),7/15 (47%),6/9 (67%),55%,11,10,No information,16,No information,2,9,1,"22/09/2022, 11:45"

Denmark,https://www.sofascore.com/france-denmark/BObsGOb#id:10023410,49%,2.42,4,21,1,6,4,491,20,9,1,No information,7,0,6,8,16,5,1,3,1,No information,2,1,421,22,49,33/59 (56%),9/20 (45%),53%,11,39/67 (58%),9/23 (39%),10/18 (56%),60%,20,10,No information,14,-0.63,1,11,2,"25/09/2022, 11:45"
France,https://www.sofascore.com/france-denmark/BObsGOb#id:10023410,51%,0.64,1,10,4,4,9,528,19,4,2,No information,2,1,6,2,5,5,1,0,0,No information,1,1,456,22,66,33/54 (61%),4/16 (25%),47%,10,28/67 (42%),14/23 (61%),5/15 (33%),63%,19,5,No information,19,-0.50,4,6,0,"25/09/2022, 11:45"

Denmark,https://www.sofascore.com/belgium-denmark/BObsrUb#id:8513118,47%,1.66,1,21,2,2,8,489,13,14,3,No information,5,1,8,8,15,6,0,1,1,No information,5,2,415,14,68,17/43 (40%),8/19 (42%),56%,6,42/72 (58%),15/29 (52%),15/21 (71%),46%,13,12,No information,8,-1.08,2,2,2,"17/06/2021, 09:00"
Belgium,https://www.sofascore.com/belgium-denmark/BObsrUb#id:8513118,53%,0.88,2,6,4,4,14,566,12,6,1,No information,5,0,1,0,3,3,1,1,1,No information,1,2,479,20,40,32/53 (60%),1/5 (20%),44%,9,30/72 (42%),14/29 (48%),12/16 (75%),42%,12,7,No information,16,0.79,4,16,1,"17/06/2021, 09:00"

Wales,https://www.sofascore.com/wales-denmark/BObscUb#id:8594153,47%,0.57,0,11,4,1,11,389,13,8,4,1,1,0,5,5,6,5,0,0,No information,No information,1,0,320,22,55,22/40 (55%),5/17 (29%),39%,6,23/59 (39%),15/38 (39%),3/6 (50%),77%,13,5,No information,27,-0.25,4,7,4,"26/06/2021, 09:00"
Denmark,https://www.sofascore.com/wales-denmark/BObscUb#id:8594153,53%,2.67,5,16,1,9,8,431,9,11,0,0,8,2,5,3,9,7,2,3,No information,No information,2,1,360,18,44,34/55 (62%),8/24 (33%),61%,7,36/59 (61%),23/38 (61%),16/22 (73%),56%,9,4,No information,18,0.08,1,4,0,"26/06/2021, 09:00"

Czechia,https://www.sofascore.com/czech-republic-denmark/BObsoUb#id:8594151,55%,1.57,1,16,4,9,9,452,12,9,2,No information,5,0,6,5,11,5,0,1,1,No information,3,3,362,15,62,24/56 (43%),7/28 (25%),48%,10,30/58 (52%),19/44 (43%),9/12 (75%),67%,12,12,No information,13,0.60,4,6,2,"03/07/2021, 09:00"
Denmark,https://www.sofascore.com/czech-republic-denmark/BObsoUb#id:8594151,45%,1.48,2,11,4,7,10,376,13,7,0,No information,7,0,2,2,8,3,1,1,0,No information,0,0,284,17,49,37/71 (52%),4/14 (29%),52%,8,28/58 (48%),25/44 (57%),8/12 (67%),62%,13,18,No information,31,0.37,4,12,1,"03/07/2021, 09:00"

England,https://www.sofascore.com/england-denmark/BObsnUb#id:8594134,58%,2.83,4,20,2,6,10,728,11,21,1,No information,10,0,6,4,15,5,1,3,1,No information,8,0,636,25,74,34/70 (49%),10/29 (34%),50%,19,47/94 (50%),21/41 (51%),15/29 (52%),27%,11,13,No information,13,-0.75,2,5,2,"07/07/2021, 12:00"
Denmark,https://www.sofascore.com/england-denmark/BObsnUb#id:8594134,42%,0.25,0,6,9,5,21,534,33,9,1,No information,3,0,2,1,1,5,0,0,0,No information,2,1,432,21,56,28/70 (40%),1/15 (7%),50%,2,47/94 (50%),20/41 (49%),5/14 (36%),48%,33,15,No information,33,1.88,9,8,1,"07/07/2021, 12:00"

Denmark,https://www.sofascore.com/scotland-denmark/BObsVTb#id:9223790,41%,No information,3,9,2,10,6,389,9,8,0,No information,5,1,2,2,6,3,1,2,1,No information,0,1,296,21,58,33/71 (46%),5/25 (20%),52%,3,23/41 (56%),15/32 (47%),6/13 (46%),33%,9,13,No information,28,No information,2,8,2,"01/09/2021, 11:45"
Scotland,https://www.sofascore.com/scotland-denmark/BObsVTb#id:9223790,59%,No information,0,10,2,6,8,575,10,4,1,No information,2,0,2,6,6,4,0,0,0,No information,1,1,481,25,39,22/42 (52%),3/27 (11%),48%,6,18/41 (44%),17/32 (53%),5/8 (63%),40%,10,11,No information,29,No information,2,8,0,"01/09/2021, 11:45"

Faroe islands,https://www.sofascore.com/faroe-islands-denmark/BObskVb#id:9223843,64%,No information,4,19,1,8,8,692,14,7,No information,No information,8,0,3,8,14,5,2,2,No information,No information,1,2,600,19,106,54/70 (77%),11/32 (34%),58%,5,28/53 (53%),18/26 (69%),7/13 (54%),71%,14,5,53,10,No information,1,4,1,"04/09/2021, 11:45"
Denmark,https://www.sofascore.com/faroe-islands-denmark/BObskVb#id:9223843,36%,No information,0,7,6,3,7,389,11,8,No information,No information,2,0,4,1,4,3,0,0,No information,No information,0,2,308,18,39,25/50 (50%),2/7 (29%),42%,5,25/53 (47%),8/26 (31%),6/15 (40%),64%,11,14,51,37,No information,6,7,0,"04/09/2021, 11:45"

Denmark,https://www.sofascore.com/israel-denmark/BObsFOb#id:9223832,62%,No information,7,15,1,4,7,594,10,13,2,No information,10,0,2,3,10,5,5,2,2,No information,6,2,513,30,71,23/53 (43%),8/17 (47%),62%,4,36/62 (58%),19/27 (70%),13/25 (52%),60%,10,8,No information,4,No information,1,4,5,"07/09/2021, 11:45"
Israel,https://www.sofascore.com/israel-denmark/BObsFOb#id:9223832,38%,No information,0,3,4,1,13,373,16,6,4,No information,0,0,3,0,0,3,0,0,0,No information,0,2,271,25,29,22/55 (40%),0/4 (0%),38%,5,26/62 (42%),8/27 (30%),4/9 (44%),63%,16,11,No information,10,No information,4,6,0,"07/09/2021, 11:45"

Russia,https://www.sofascore.com/russia-denmark/BObsUTb#id:8513131,36%,1.07,1,6,6,1,15,277,24,16,2,No information,2,0,3,1,3,3,1,0,0,No information,2,3,185,15,39,24/55 (44%),1/4 (25%),59%,6,46/79 (58%),28/47 (60%),7/8 (88%),54%,24,8,No information,30,-0.76,6,6,4,"21/06/2021, 12:00"
Denmark,https://www.sofascore.com/russia-denmark/BObsUTb#id:8513131,64%,2.14,3,16,1,7,16,498,7,14,1,No information,10,0,2,4,11,5,2,1,1,No information,4,0,408,26,51,31/62 (50%),3/22 (14%),41%,11,33/79 (42%),19/47 (40%),12/25 (48%),43%,7,10,No information,16,-0.08,1,6,1,"21/06/2021, 12:00"

Moldova,https://www.sofascore.com/moldova-denmark/BObsHVb#id:9223867,31%,No information,0,0,6,1,21,319,9,11,3,No information,0,0,0,0,0,0,0,0,0,No information,0,1,218,16,31,30/74 (41%),0/6 (0%),40%,6,25/64 (39%),13/30 (43%),5/8 (63%),33%,9,26,No information,18,No information,6,10,4,"09/10/2021, 11:45"
Denmark,https://www.sofascore.com/moldova-denmark/BObsHVb#id:9223867,69%,No information,5,21,0,8,11,724,9,19,0,No information,10,1,5,6,13,8,3,2,2,No information,7,3,631,17,83,32/51 (63%),4/13 (31%),60%,4,39/64 (61%),17/30 (57%),11/16 (69%),78%,9,5,No information,2,No information,0,3,0,"09/10/2021, 11:45"

Denmark,https://www.sofascore.com/austria-denmark/BObstUb#id:9223923,53%,No information,2,15,2,5,9,588,8,12,1,No information,6,1,7,2,9,6,2,No information,1,No information,3,0,504,15,72,33/63 (52%),5/12 (42%),55%,10,35/67 (52%),19/32 (59%),15/24 (63%),63%,8,8,No information,18,No information,2,7,1,"12/10/2021, 11:45"
Austria,https://www.sofascore.com/austria-denmark/BObstUb#id:9223923,47%,No information,0,9,4,4,13,508,19,9,2,No information,2,0,4,3,3,6,0,No information,0,No information,0,2,422,14,60,31/56 (55%),1/17 (6%),45%,5,32/67 (48%),13/32 (41%),4/7 (57%),58%,19,11,No information,18,No information,4,10,0,"12/10/2021, 11:45"

Denmark,https://www.sofascore.com/sweden-denmark/BObsNTb#id:9135428,50%,No information,3,20,1,12,6,502,22,16,0,No information,9,0,6,5,15,5,1,2,3,45,3,0,427,15,60,20/42 (48%),11/22 (50%),59%,7,48/84 (57%),11/16 (69%),11/21 (52%),73%,22,13,53,18,No information,1,4,2,"11/11/2020, 10:30"
Sweden,https://www.sofascore.com/sweden-denmark/BObsNTb#id:9135428,50%,No information,2,10,7,6,16,514,17,6,2,No information,2,0,2,6,8,2,1,1,0,28,1,1,450,7,43,16/37 (43%),2/14 (14%),41%,14,36/84 (43%),5/16 (31%),13/21 (62%),47%,17,8,51,27,No information,7,10,0,"11/11/2020, 10:30"

Denmark,https://www.sofascore.com/iceland-denmark/BObsiUb#id:8600743,58%,No information,2,10,3,4,9,599,14,10,1,No information,3,0,4,3,7,3,2,No information,0,No information,2,6,515,15,59,22/53 (42%),4/13 (31%),53%,6,32/52 (62%),14/35 (40%),8/8 (100%),50%,14,4,No information,11,No information,3,4,2,"15/11/2020, 11:45"
Iceland,https://www.sofascore.com/iceland-denmark/BObsiUb#id:8600743,42%,No information,1,7,1,1,11,440,6,9,3,No information,4,0,2,1,5,2,1,No information,1,No information,1,2,358,19,43,14/45 (31%),1/6 (17%),47%,7,20/52 (38%),21/35 (60%),6/13 (46%),83%,6,10,No information,12,No information,1,4,1,"15/11/2020, 11:45"

Belgium,https://www.sofascore.com/belgium-denmark/BObsrUb#id:8600792,47%,1.66,1,21,2,2,8,489,13,14,3,No information,5,1,8,8,15,6,0,1,1,No information,5,2,415,14,68,17/43 (40%),8/19 (42%),56%,6,42/72 (58%),15/29 (52%),15/21 (71%),46%,13,12,No information,8,-1.08,2,2,4,"18/11/2020, 11:45"
Denmark,https://www.sofascore.com/belgium-denmark/BObsrUb#id:8600792,53%,0.88,2,6,4,4,14,566,12,6,1,No information,5,0,1,0,3,3,1,1,1,No information,1,2,479,20,40,32/53 (60%),1/5 (20%),44%,9,30/72 (42%),14/29 (48%),12/16 (75%),42%,12,7,No information,16,0.79,4,16,2,"18/11/2020, 11:45"

Israel,https://www.sofascore.com/israel-denmark/BObsFOb#id:9223745,62%,No information,7,15,1,4,7,594,10,13,2,No information,10,0,2,3,10,5,5,2,2,No information,6,2,513,30,71,23/53 (43%),8/17 (47%),62%,4,36/62 (58%),19/27 (70%),13/25 (52%),60%,10,8,No information,4,No information,1,4,2,"25/03/2021, 10:00"
Denmark,https://www.sofascore.com/israel-denmark/BObsFOb#id:9223745,38%,No information,0,3,4,1,13,373,16,6,4,No information,0,0,3,0,0,3,0,0,0,No information,0,2,271,25,29,22/55 (40%),0/4 (0%),38%,5,26/62 (42%),8/27 (30%),4/9 (44%),63%,16,11,No information,10,No information,4,6,0,"25/03/2021, 10:00"

Denmark,https://www.sofascore.com/moldova-denmark/BObsHVb#id:9223718,31%,No information,0,0,6,1,21,319,9,11,3,No information,0,0,0,0,0,0,0,0,0,No information,0,1,218,16,31,30/74 (41%),0/6 (0%),40%,6,25/64 (39%),13/30 (43%),5/8 (63%),33%,9,26,No information,18,No information,6,10,8,"28/03/2021, 09:00"
Moldova,https://www.sofascore.com/moldova-denmark/BObsHVb#id:9223718,69%,No information,5,21,0,8,11,724,9,19,0,No information,10,1,5,6,13,8,3,2,2,No information,7,3,631,17,83,32/51 (63%),4/13 (31%),60%,4,39/64 (61%),17/30 (57%),11/16 (69%),78%,9,5,No information,2,No information,0,3,0,"28/03/2021, 09:00"

Austria,https://www.sofascore.com/austria-denmark/BObstUb#id:9223711,53%,No information,2,15,2,5,9,588,8,12,1,No information,6,1,7,2,9,6,2,No information,1,No information,3,0,504,15,72,33/63 (52%),5/12 (42%),55%,10,35/67 (52%),19/32 (59%),15/24 (63%),63%,8,8,No information,18,No information,2,7,4,"31/03/2021, 11:45"
Denmark,https://www.sofascore.com/austria-denmark/BObstUb#id:9223711,47%,No information,0,9,4,4,13,508,19,9,2,No information,2,0,4,3,3,6,0,No information,0,No information,0,2,422,14,60,31/56 (55%),1/17 (6%),45%,5,32/67 (48%),13/32 (41%),4/7 (57%),58%,19,11,No information,18,No information,4,10,0,"31/03/2021, 11:45"

Germany,https://www.sofascore.com/germany-denmark/BObslUb#id:9529425,54%,No information,No information,10,0,4,8,No information,No information,13,1,0,5,No information,5,No information,No information,No information,No information,No information,No information,No information,No information,2,No information,12,No information,No information,No information,No information,No information,No information,No information,No information,No information,No information,No information,No information,No information,No information,0,7,1,"02/06/2021, 12:00"
Denmark,https://www.sofascore.com/germany-denmark/BObslUb#id:9529425,46%,No information,No information,3,4,2,11,No information,No information,10,0,0,1,No information,2,No information,No information,No information,No information,No information,No information,No information,No information,2,No information,16,No information,No information,No information,No information,No information,No information,No information,No information,No information,No information,No information,No information,No information,No information,4,9,1,"02/06/2021, 12:00"

England,https://www.sofascore.com/england-denmark/BObsnUb#id:8600764,44%,No information,2,15,3,4,14,438,8,12,4,2,5,0,3,7,7,8,0,2,No information,No information,1,1,364,23,56,44/74 (59%),4/17 (24%),50%,7,32/68 (47%),17/30 (57%),12/21 (57%),38%,8,8,No information,14,No information,3,7,1,"14/10/2020, 11:45"
Denmark,https://www.sofascore.com/england-denmark/BObsnUb#id:8600764,56%,No information,2,10,4,4,12,571,16,14,2,0,4,0,5,1,6,4,1,1,No information,No information,2,0,500,12,43,20/42 (48%),3/15 (20%),50%,5,36/68 (53%),13/30 (43%),6/9 (67%),75%,16,3,No information,34,No information,4,1,0,"14/10/2020, 11:45"

Denmark,https://www.sofascore.com/finland-denmark/BObsmUb#id:8513122,36%,No information,No information,4,5,1,10,430,18,5,3,No information,0,0,2,2,2,2,No information,No information,No information,No information,0,3,329,21,42,34/69 (49%),1/4 (25%),53%,7,25/47 (53%),14/26 (54%),3/6 (50%),61%,18,2,64,18,No information,5,13,1,"12/06/2021, 09:00"
Finland,https://www.sofascore.com/finland-denmark/BObsmUb#id:8513122,64%,No information,No information,16,0,6,6,757,10,9,4,No information,6,0,5,5,8,8,No information,No information,No information,No information,4,1,676,17,123,24/51 (47%),10/23 (43%),47%,8,22/47 (47%),12/26 (46%),4/14 (29%),90%,10,9,73,9,No information,0,2,0,"12/06/2021, 09:00"

Denmark,https://www.sofascore.com/luxembourg-denmark/BObsDOb#id:8431179,66%,No information,No information,19,2,6,10,No information,No information,15,1,0,9,No information,10,No information,No information,No information,No information,No information,No information,No information,No information,3,No information,19,No information,No information,No information,No information,No information,No information,No information,No information,No information,No information,No information,No information,No information,No information,2,7,4,"15/10/2019, 10:00"
Luxembourg,https://www.sofascore.com/luxembourg-denmark/BObsDOb#id:8431179,34%,No information,No information,6,5,1,13,No information,No information,13,3,0,2,No information,4,No information,No information,No information,No information,No information,No information,No information,No information,2,No information,18,No information,No information,No information,No information,No information,No information,No information,No information,No information,No information,No information,No information,No information,No information,5,15,0,"15/10/2019, 10:00"

Denmark,https://www.sofascore.com/switzerland-denmark/BObsZTb#id:8078627,46%,No information,1,12,5,6,10,400,17,10,2,No information,3,0,7,2,8,4,1,0,0,No information,2,1,332,18,55,27/46 (59%),7/14 (50%),57%,12,29/62 (47%),23/29 (79%),3/9 (33%),53%,17,6,No information,22,No information,5,9,1,"12/10/2019, 09:00"
Switzerland,https://www.sofascore.com/switzerland-denmark/BObsZTb#id:8078627,54%,No information,1,11,2,4,11,453,18,10,3,No information,4,2,4,3,4,7,0,1,1,No information,2,3,371,33,57,28/70 (40%),3/21 (14%),43%,14,33/62 (53%),6/29 (21%),6/9 (67%),72%,18,9,No information,8,No information,2,12,0,"12/10/2019, 09:00"
