Game Link,Target Team,Opponent,Date,Ball possession For,Ball possession Against,Big chances For,Big chances Against,Total shots For,Total shots Against,Goalkeeper saves For,Goalkeeper saves Against,Corner kicks For,Corner kicks Against,Fouls For,Fouls Against,Passes For,Passes Against,Tackles For,Tackles Against,Free kicks For,Free kicks Against,Yellow cards For,Yellow cards Against,Red cards For,Red cards Against,Shots on target For,Shots on target Against,Hit woodwork For,Hit woodwork Against,Shots off target For,Shots off target Against,Blocked shots For,Blocked shots Against,Shots inside box For,Shots inside box Against,Shots outside box For,Shots outside box Against,Big chances scored For,Big chances scored Against,Big chances missed For,Big chances missed Against,Through balls For,Through balls Against,Touches in penalty area For,Touches in penalty area Against,Fouled in final third For,Fouled in final third Against,Offsides For,Offsides Against,Accurate passes For,Accurate passes Against,Throw-ins For,Throw-ins Against,Final third entries For,Final third entries Against,Long balls For,Long balls Against,Crosses For,Crosses Against,Duels For,Duels Against,Dispossessed For,Dispossessed Against,Ground duels For,Ground duels Against,Aerial duels For,Aerial duels Against,Dribbles For,Dribbles Against,Tackles won For,Tackles won Against,Total tackles For,Total tackles Against,Interceptions For,Interceptions Against,Recoveries For,Recoveries Against,Clearances For,Clearances Against,Goals prevented For,Goals prevented Against,Goal kicks For,Goal kicks Against,Goals For,Goals Against
https://www.sofascore.com/austria-slovakia/XTbstUb#id:12021300,Slovakia,Austria,"23/03/2024, 10:00",47%,53%,3,3,13,9,2,2,1,6,12,14,442,501,12,15,14,12,0,1,No information,No information,2,5,0,0,6,2,5,2,6,5,7,4,0,1,3,2,1,1,No information,No information,4,2,1,0,381,413,26,23,44,40,20/36 (56%),25/53 (47%),2/15 (13%),3/16 (19%),52%,48%,8,9,31/63 (49%),32/63 (51%),7/10 (70%),3/10 (30%),6/13 (46%),5/8 (63%),42%,73%,12,15,12,9,56,51,13,10,No information,No information,4,9,2,0
https://www.sofascore.com/austria-slovakia/XTbstUb#id:9529446,Slovakia,Austria,"06/06/2021, 08:30",53%,47%,3,3,9,13,2,2,6,1,14,12,501,442,15,12,12,14,1,0,No information,No information,5,2,0,0,2,6,2,5,5,6,4,7,1,0,2,3,1,1,No information,No information,2,4,0,1,413,381,23,26,40,44,25/53 (47%),20/36 (56%),3/16 (19%),2/15 (13%),48%,52%,9,8,32/63 (51%),31/63 (49%),3/10 (30%),7/10 (70%),5/8 (63%),6/13 (46%),73%,42%,15,12,9,12,51,56,10,13,No information,No information,9,4,0,0
https://www.sofascore.com/azerbaijan-slovakia/XTbsRUb#id:10023365,Slovakia,Azerbaijan,"22/09/2022, 11:45",58%,42%,3,1,17,10,1,5,3,4,10,20,509,376,13,28,18,9,2,3,No information,No information,6,3,2,0,9,4,2,3,10,6,7,4,1,1,2,0,No information,No information,No information,No information,6,1,3,0,442,284,22,16,69,38,31/52 (60%),33/75 (44%),12/32 (38%),2/7 (29%),48%,52%,17,6,39/81 (48%),42/81 (52%),9/18 (50%),9/18 (50%),8/19 (42%),5/12 (42%),46%,50%,13,28,8,9,No information,No information,8,23,No information,No information,6,14,2,1
https://www.sofascore.com/azerbaijan-slovakia/XTbsRUb#id:10023422,Slovakia,Azerbaijan,"10/06/2022, 09:00",60%,40%,0,1,16,3,1,5,6,4,12,10,495,322,15,26,10,11,4,2,No information,No information,6,1,1,0,6,0,4,2,9,2,7,1,No information,No information,0,1,No information,No information,No information,No information,3,0,6,0,426,235,36,18,50,48,30/56 (54%),29/61 (48%),8/18 (44%),1/9 (11%),47%,53%,11,8,36/76 (47%),40/76 (53%),6/14 (43%),8/14 (57%),11/26 (42%),3/10 (30%),53%,54%,15,26,4,13,No information,No information,9,12,No information,No information,5,7,0,1
https://www.sofascore.com/belarus-slovakia/XTbsTUb#id:10023390,Slovakia,Belarus,"03/06/2022, 11:45",16%,84%,1,1,2,16,3,0,1,12,13,12,143,745,18,9,11,13,5,1,No information,No information,1,4,0,0,1,8,0,4,2,10,0,6,1,1,No information,No information,No information,No information,No information,No information,1,6,0,3,70,666,12,22,29,100,11/61 (18%),29/44 (66%),1/4 (25%),9/37 (24%),49%,51%,5,9,29/56 (52%),27/56 (48%),9/22 (41%),13/22 (59%),0/4 (0%),5/14 (36%),61%,78%,18,9,15,1,No information,No information,34,1,No information,No information,18,3,0,1
https://www.sofascore.com/belarus-slovakia/XTbsTUb#id:10023400,Slovakia,Belarus,"25/09/2022, 09:00",84%,16%,1,1,16,2,0,3,12,1,12,13,745,143,9,18,13,11,1,5,No information,No information,4,1,0,0,8,1,4,0,10,2,6,0,1,1,No information,No information,No information,No information,No information,No information,6,1,3,0,666,70,22,12,100,29,29/44 (66%),11/61 (18%),9/37 (24%),1/4 (25%),51%,49%,9,5,27/56 (48%),29/56 (52%),13/22 (59%),9/22 (41%),5/14 (36%),0/4 (0%),78%,61%,9,18,1,15,No information,No information,1,34,No information,No information,3,18,1,1
https://www.sofascore.com/belgium-slovakia/XTbsrUb#id:11873978,Slovakia,Belgium,"17/06/2024, 09:00",40%,60%,1,4,10,16,5,3,7,5,10,14,367,573,8,14,13,10,1,3,No information,No information,4,5,0,0,4,6,2,5,6,10,4,6,1,0,0,4,0,2,15,34,0,1,1,2,283,488,19,18,41,58,25/63 (40%),22/44 (50%),6/17 (35%),4/14 (29%),48%,52%,11,2,27/59 (46%),32/59 (54%),10/18 (56%),8/18 (44%),6/9 (67%),8/14 (57%),50%,50%,8,14,9,2,44,48,19,15,1.02,0.37,10,6,0,1
https://www.sofascore.com/bulgaria-slovakia/XTbsqUb#id:9529439,Slovakia,Bulgaria,"01/06/2021, 09:00",55%,45%,No information,No information,8,7,1,2,6,3,15,13,No information,No information,No information,No information,15,15,1,0,0,0,3,2,No information,No information,5,5,No information,No information,No information,No information,No information,No information,No information,No information,No information,No information,No information,No information,No information,No information,No information,No information,0,2,No information,No information,12,23,No information,No information,No information,No information,No information,No information,No information,No information,No information,No information,No information,No information,No information,No information,No information,No information,No information,No information,No information,No information,No information,No information,No information,No information,No information,No information,No information,No information,6,15,1,1
https://www.sofascore.com/chile-slovakia/XTbseVb#id:10830447,Slovakia,Chile,"20/11/2022, 04:30",43%,57%,1,1,10,19,6,4,5,8,9,20,458,617,14,18,19,9,0,2,No information,No information,4,7,0,0,3,5,3,7,7,9,3,10,No information,No information,1,1,1,0,No information,No information,2,2,1,0,389,546,16,5,30,63,30/49 (61%),32/49 (65%),3/16 (19%),6/26 (23%),50%,50%,17,7,36/72 (50%),36/72 (50%),10/20 (50%),10/20 (50%),3/4 (75%),9/16 (56%),50%,44%,14,18,11,16,No information,No information,20,11,No information,No information,6,6,0,0
https://www.sofascore.com/croatia-slovakia/XTbspUb#id:9223847,Slovakia,Croatia,"04/09/2021, 11:45",68%,32%,3,2,21,6,0,8,10,3,12,16,586,279,15,16,14,11,1,4,No information,No information,10,2,2,0,7,3,4,1,14,5,7,1,1,2,2,0,No information,No information,No information,No information,5,1,4,2,507,196,19,21,74,35,23/35 (66%),31/58 (53%),6/40 (15%),4/11 (36%),55%,45%,9,10,45/77 (58%),32/77 (42%),16/33 (48%),17/33 (52%),16/23 (70%),5/10 (50%),47%,44%,15,16,5,13,No information,No information,11,38,No information,No information,5,11,1,0
https://www.sofascore.com/croatia-slovakia/XTbspUb#id:9223899,Slovakia,Croatia,"11/10/2021, 11:45",32%,68%,2,3,6,21,8,0,3,10,16,12,279,586,16,15,11,14,4,1,No information,No information,2,10,0,2,3,7,1,4,5,14,1,7,2,1,0,2,No information,No information,No information,No information,1,5,2,4,196,507,21,19,35,74,31/58 (53%),23/35 (66%),4/11 (36%),6/40 (15%),45%,55%,10,9,32/77 (42%),45/77 (58%),17/33 (52%),16/33 (48%),5/10 (50%),16/23 (70%),44%,47%,16,15,13,5,No information,No information,38,11,No information,No information,11,5,2,2
https://www.sofascore.com/czech-republic-slovakia/XTbsoUb#id:8600777,Slovakia,Czechia,"04/09/2020, 11:45",50%,50%,No information,No information,12,7,2,4,2,4,21,9,523,507,16,10,9,20,0,1,No information,No information,6,2,1,0,5,3,1,2,10,4,2,3,No information,No information,No information,No information,No information,No information,No information,No information,1,2,0,3,430,413,14,21,54,47,33/66 (50%),40/70 (57%),5/12 (42%),3/18 (17%),45%,55%,6,10,35/68 (51%),33/68 (49%),13/38 (34%),25/38 (66%),10/14 (71%),5/11 (45%),56%,70%,16,10,14,11,No information,No information,14,10,No information,No information,6,6,3,1
https://www.sofascore.com/czech-republic-slovakia/XTbsoUb#id:8600784,Slovakia,Czechia,"18/11/2020, 11:45",50%,50%,No information,No information,7,12,4,2,4,2,9,21,507,523,10,16,20,9,1,0,No information,No information,2,6,0,1,3,5,2,1,4,10,3,2,No information,No information,No information,No information,No information,No information,No information,No information,2,1,3,0,413,430,21,14,47,54,40/70 (57%),33/66 (50%),3/18 (17%),5/12 (42%),55%,45%,10,6,33/68 (49%),35/68 (51%),25/38 (66%),13/38 (34%),5/11 (45%),10/14 (71%),70%,56%,10,16,11,14,No information,No information,10,14,No information,No information,6,6,0,2
https://www.sofascore.com/finland-slovakia/XTbsmUb#id:10102068,Slovakia,Finland,"29/03/2022, 09:00",55%,45%,No information,No information,7,5,2,1,5,5,15,9,No information,No information,No information,No information,9,16,3,0,0,0,3,2,No information,No information,3,3,1,0,No information,No information,No information,No information,No information,No information,No information,No information,No information,No information,No information,No information,No information,No information,1,0,No information,No information,15,13,No information,No information,No information,No information,No information,No information,No information,No information,No information,No information,No information,No information,No information,No information,No information,No information,No information,No information,No information,No information,No information,No information,No information,No information,No information,No information,No information,No information,12,7,0,2
https://www.sofascore.com/hungary-slovakia/XTbsjUb#id:8078332,Slovakia,Hungary,"21/03/2019, 12:45",49%,51%,0,2,18,14,3,6,4,2,17,17,407,430,13,11,16,15,7,2,1,0,7,5,0,0,6,6,5,3,9,4,9,10,0,1,0,1,No information,No information,No information,No information,3,2,1,3,343,351,17,15,54,44,28/53 (53%),27/63 (43%),6/20 (30%),1/7 (14%),62%,38%,4,8,38/71 (54%),33/71 (46%),24/29 (83%),5/29 (17%),10/17 (59%),7/12 (58%),46%,82%,13,11,5,7,No information,No information,16,13,No information,No information,13,10,2,0
https://www.sofascore.com/iceland-slovakia/XTbsiUb#id:10752435,Slovakia,Iceland,"17/06/2023, 11:45",43%,57%,1,3,5,17,4,0,2,12,14,7,371,483,12,8,7,14,0,1,No information,No information,2,8,0,0,2,4,1,5,3,8,2,9,1,2,0,1,No information,No information,No information,No information,0,3,1,2,256,383,30,15,33,71,28/83 (34%),41/77 (53%),2/6 (33%),5/20 (25%),43%,57%,4,4,24/53 (45%),29/53 (55%),16/40 (40%),24/40 (60%),6/10 (60%),7/15 (47%),67%,88%,12,8,8,8,47,57,18,10,No information,No information,7,4,1,2
https://www.sofascore.com/iceland-slovakia/XTbsiUb#id:10752560,Slovakia,Iceland,"16/11/2023, 11:45",57%,43%,3,1,17,5,0,4,12,2,7,14,483,371,8,12,14,7,1,0,No information,No information,8,2,0,0,4,2,5,1,8,3,9,2,2,1,1,0,No information,No information,No information,No information,3,0,2,1,383,256,15,30,71,33,41/77 (53%),28/83 (34%),5/20 (25%),2/6 (33%),57%,43%,4,4,29/53 (55%),24/53 (45%),24/40 (60%),16/40 (40%),7/15 (47%),6/10 (60%),88%,67%,8,12,8,8,57,47,10,18,No information,No information,4,7,4,2
https://www.sofascore.com/kazakhstan-slovakia/XTbsxVb#id:10225889,Slovakia,Kazakhstan,"13/06/2022, 07:00",69%,31%,No information,No information,17,7,1,4,8,0,15,16,572,257,14,18,16,15,4,1,1,0,5,3,0,0,7,3,5,1,9,3,8,4,No information,No information,No information,No information,No information,No information,No information,No information,2,0,0,1,474,153,22,16,67,45,33/69 (48%),15/73 (21%),7/26 (27%),1/4 (25%),55%,45%,9,9,48/88 (55%),40/88 (45%),20/35 (57%),15/35 (43%),18/27 (67%),7/12 (58%),57%,61%,14,18,8,9,No information,No information,10,29,No information,No information,6,13,1,2
https://www.sofascore.com/kazakhstan-slovakia/XTbsxVb#id:10225892,Slovakia,Kazakhstan,"06/06/2022, 11:45",31%,69%,No information,No information,7,17,4,1,0,8,16,15,257,572,18,14,15,16,1,4,0,1,3,5,0,0,3,7,1,5,3,9,4,8,No information,No information,No information,No information,No information,No information,No information,No information,0,2,1,0,153,474,16,22,45,67,15/73 (21%),33/69 (48%),1/4 (25%),7/26 (27%),45%,55%,9,9,40/88 (45%),48/88 (55%),15/35 (43%),20/35 (57%),7/12 (58%),18/27 (67%),61%,57%,18,14,9,8,No information,No information,29,10,No information,No information,13,6,1,0
https://www.sofascore.com/liechtenstein-slovakia/XTbsFWb#id:10752460,Slovakia,Liechtenstein,"20/06/2023, 11:45",20%,80%,0,3,1,13,2,0,2,7,10,14,169,675,12,9,12,9,1,3,No information,No information,0,5,0,0,1,4,0,4,0,11,1,2,0,2,0,1,No information,No information,No information,No information,0,1,2,6,100,598,24,36,24,85,20/51 (39%),47/61 (77%),0/3 (0%),4/20 (20%),44%,56%,5,3,27/54 (50%),27/54 (50%),4/16 (25%),12/16 (75%),3/7 (43%),9/18 (50%),67%,67%,12,9,5,7,38,51,31,7,No information,No information,11,1,0,1
https://www.sofascore.com/liechtenstein-slovakia/XTbsFWb#id:10752499,Slovakia,Liechtenstein,"11/09/2023, 11:45",80%,20%,3,0,13,1,0,2,7,2,14,10,675,169,9,12,9,12,3,1,No information,No information,5,0,0,0,4,1,4,0,11,0,2,1,2,0,1,0,No information,No information,No information,No information,1,0,6,2,598,100,36,24,85,24,47/61 (77%),20/51 (39%),4/20 (20%),0/3 (0%),56%,44%,3,5,27/54 (50%),27/54 (50%),12/16 (75%),4/16 (25%),9/18 (50%),3/7 (43%),67%,67%,9,12,7,5,51,38,7,31,No information,No information,1,11,3,0
https://www.sofascore.com/montenegro-slovakia/XTbsORc#id:10784970,Slovakia,Montenegro,"17/11/2022, 09:00",55%,45%,No information,No information,7,17,3,0,1,14,14,17,No information,No information,No information,No information,22,15,5,3,1,0,2,5,No information,No information,3,7,2,5,No information,No information,No information,No information,No information,No information,No information,No information,No information,No information,No information,No information,No information,No information,1,5,No information,No information,17,16,No information,No information,No information,No information,No information,No information,No information,No information,No information,No information,No information,No information,No information,No information,No information,No information,No information,No information,No information,No information,No information,No information,No information,No information,No information,No information,No information,No information,14,9,2,2
https://www.sofascore.com/northern-ireland-slovakia/XTbsLVb#id:9102688,Slovakia,Northern ireland,"12/11/2020, 11:45",54%,46%,1,2,9,16,3,1,1,6,11,13,684,558,11,10,12,11,2,1,No information,No information,3,3,0,1,3,9,3,4,7,9,2,7,1,0,0,2,No information,No information,No information,No information,0,3,1,2,562,430,18,40,75,84,55/120 (46%),32/80 (40%),1/5 (20%),5/36 (14%),50%,50%,6,7,29/62 (47%),33/62 (53%),37/71 (52%),34/71 (48%),6/10 (60%),12/16 (75%),64%,50%,11,10,11,13,No information,No information,53,5,No information,No information,10,7,1,2
https://www.sofascore.com/poland-slovakia/XTbsdUb#id:8602452,Slovakia,Poland,"14/06/2021, 09:00",43%,57%,0,1,11,17,2,1,2,5,13,15,410,532,10,11,15,13,1,2,0,1,2,3,1,0,4,10,5,4,5,8,6,9,0,1,No information,No information,0,1,No information,No information,1,3,1,0,335,457,14,25,29,74,21/49 (43%),20/27 (74%),5/10 (50%),9/35 (26%),49%,51%,1,4,33/66 (50%),33/66 (50%),16/34 (47%),18/34 (53%),9/19 (47%),9/15 (60%),60%,27%,10,11,19,6,No information,No information,31,7,0.10,-1.77,15,6,1,2
https://www.sofascore.com/portugal-slovakia/XTbseUb#id:10752474,Slovakia,Portugal,"08/09/2023, 11:45",58%,42%,10,0,25,9,2,9,11,2,10,10,562,402,16,17,8,10,2,5,No information,No information,12,3,1,0,10,5,3,1,18,1,7,8,3,0,7,0,3,0,No information,No information,2,3,3,1,480,331,9,15,53,44,30/49 (61%),23/37 (62%),6/20 (30%),0/16 (0%),56%,44%,7,7,36/67 (54%),31/67 (46%),13/21 (62%),8/21 (38%),12/22 (55%),4/13 (31%),44%,47%,16,17,7,11,64,54,20,21,No information,No information,6,7,1,0
https://www.sofascore.com/portugal-slovakia/XTbseUb#id:10752521,Slovakia,Portugal,"13/10/2023, 11:45",42%,58%,0,10,9,25,9,2,2,11,10,10,402,562,17,16,10,8,5,2,No information,No information,3,12,0,1,5,10,1,3,1,18,8,7,0,3,0,7,0,3,No information,No information,3,2,1,3,331,480,15,9,44,53,23/37 (62%),30/49 (61%),0/16 (0%),6/20 (30%),44%,56%,7,7,31/67 (46%),36/67 (54%),8/21 (38%),13/21 (62%),4/13 (31%),12/22 (55%),47%,44%,17,16,11,7,54,64,21,20,No information,No information,7,6,2,3
https://www.sofascore.com/san-marino-slovakia/XTbsIWb#id:12383251,Slovakia,San marino,"05/06/2024, 09:00",70%,30%,3,0,21,0,0,7,5,0,20,10,672,287,10,25,10,19,0,2,No information,No information,11,0,3,0,9,0,1,0,12,0,9,0,2,0,1,0,No information,No information,28,1,5,1,2,0,609,208,16,14,104,16,24/34 (71%),15/58 (26%),6/14 (43%),0/3 (0%),38%,62%,15,4,25/73 (34%),48/73 (66%),5/6 (83%),1/6 (17%),5/15 (33%),4/10 (40%),70%,68%,10,25,7,12,54,40,2,16,No information,No information,3,16,4,0
https://www.sofascore.com/slovakia-bosnia-and-herzegovina/EObsXTb#id:10752397,Slovakia,Bosnia & herzegovina,"26/03/2023, 11:45",44%,56%,0,2,5,10,1,2,1,7,16,15,404,518,18,11,14,16,4,1,1,0,2,3,0,0,2,5,1,2,3,9,2,1,0,2,No information,No information,No information,No information,No information,No information,0,3,2,2,323,436,25,26,39,58,40/78 (51%),31/56 (55%),2/9 (22%),7/18 (39%),48%,52%,8,9,38/73 (52%),35/73 (48%),6/19 (32%),13/19 (68%),6/9 (67%),9/18 (50%),67%,55%,18,11,9,3,48,55,12,8,No information,No information,9,4,2,0
https://www.sofascore.com/slovakia-bosnia-and-herzegovina/EObsXTb#id:10752584,Slovakia,Bosnia & herzegovina,"19/11/2023, 11:45",56%,44%,2,0,10,5,2,1,7,1,15,16,518,404,11,18,16,14,1,4,0,1,3,2,0,0,5,2,2,1,9,3,1,2,2,0,No information,No information,No information,No information,No information,No information,3,0,2,2,436,323,26,25,58,39,31/56 (55%),40/78 (51%),7/18 (39%),2/9 (22%),52%,48%,9,8,35/73 (48%),38/73 (52%),13/19 (68%),6/19 (32%),9/18 (50%),6/9 (67%),55%,67%,11,18,3,9,55,48,8,12,No information,No information,4,9,1,2
https://www.sofascore.com/slovakia-cyprus/HObsXTb#id:9223773,Slovakia,Cyprus,"24/03/2021, 12:45",36%,64%,0,2,9,24,5,0,3,7,9,12,332,587,19,17,11,9,2,1,No information,No information,0,7,0,0,7,10,2,7,4,14,5,10,0,1,0,1,1,0,No information,No information,2,4,0,1,251,501,14,24,43,82,24/59 (41%),25/37 (68%),0/7 (0%),11/29 (38%),51%,49%,10,13,44/81 (54%),37/81 (46%),6/18 (33%),12/18 (67%),14/21 (67%),11/17 (65%),47%,82%,19,17,13,11,No information,No information,25,15,No information,No information,15,8,0,0
https://www.sofascore.com/slovakia-cyprus/HObsXTb#id:9223837,Slovakia,Cyprus,"07/09/2021, 11:45",64%,36%,2,0,24,9,0,5,7,3,12,9,587,332,17,19,9,11,1,2,No information,No information,7,0,0,0,10,7,7,2,14,4,10,5,1,0,1,0,0,1,No information,No information,4,2,1,0,501,251,24,14,82,43,25/37 (68%),24/59 (41%),11/29 (38%),0/7 (0%),49%,51%,13,10,37/81 (46%),44/81 (54%),12/18 (67%),6/18 (33%),11/17 (65%),14/21 (67%),82%,47%,17,19,11,13,No information,No information,15,25,No information,No information,8,15,2,0
https://www.sofascore.com/slovakia-ireland/TTbsXTb#id:9040644,Slovakia,Ireland,"08/10/2020, 11:45",54%,46%,1,4,12,13,2,2,5,6,13,22,732,612,15,11,22,13,2,3,No information,No information,3,3,0,1,6,5,3,5,6,8,6,5,No information,No information,1,4,No information,No information,No information,No information,2,3,1,2,610,489,26,29,76,76,46/93 (49%),37/83 (45%),3/15 (20%),4/24 (17%),54%,46%,7,8,42/79 (53%),37/79 (47%),24/44 (55%),20/44 (45%),9/13 (69%),13/20 (65%),47%,64%,15,11,18,14,No information,No information,21,19,No information,No information,7,13,0,0
https://www.sofascore.com/slovakia-israel/FObsXTb#id:8600828,Slovakia,Israel,"14/10/2020, 11:45",50%,50%,1,4,13,25,4,3,5,3,11,11,544,547,16,19,11,8,1,1,No information,No information,5,7,0,2,2,14,6,4,5,16,8,9,1,1,0,3,No information,No information,No information,No information,2,1,5,2,464,455,12,16,49,59,43/64 (67%),20/40 (50%),4/11 (36%),4/10 (40%),53%,47%,5,11,37/72 (51%),35/72 (49%),10/17 (59%),7/17 (41%),11/25 (44%),8/13 (62%),81%,74%,16,19,19,10,No information,No information,16,12,No information,No information,10,3,3,2
https://www.sofascore.com/slovakia-israel/FObsXTb#id:8600837,Slovakia,Israel,"07/09/2020, 11:45",50%,50%,4,1,25,13,3,4,3,5,11,11,547,544,19,16,8,11,1,1,No information,No information,7,5,2,0,14,2,4,6,16,5,9,8,1,1,3,0,No information,No information,No information,No information,1,2,2,5,455,464,16,12,59,49,20/40 (50%),43/64 (67%),4/10 (40%),4/11 (36%),47%,53%,11,5,35/72 (49%),37/72 (51%),7/17 (41%),10/17 (59%),8/13 (62%),11/25 (44%),74%,81%,19,16,10,19,No information,No information,12,16,No information,No information,3,10,1,1
https://www.sofascore.com/slovakia-luxembourg/DObsXTb#id:10752372,Slovakia,Luxembourg,"23/03/2023, 12:45",54%,46%,1,1,15,8,1,3,5,4,13,20,436,373,10,9,19,13,4,4,No information,No information,3,2,0,0,8,4,4,2,9,4,6,4,0,1,1,0,No information,No information,No information,No information,1,4,3,2,354,302,22,14,42,52,40/80 (50%),29/56 (52%),2/13 (15%),5/17 (29%),49%,51%,8,6,32/56 (57%),24/56 (43%),5/19 (26%),14/19 (74%),6/7 (86%),2/6 (33%),80%,56%,10,9,8,6,47,56,8,22,No information,No information,9,12,0,0
https://www.sofascore.com/slovakia-luxembourg/DObsXTb#id:10752546,Slovakia,Luxembourg,"16/10/2023, 11:45",46%,54%,1,1,8,15,3,1,4,5,20,13,373,436,9,10,13,19,4,4,No information,No information,2,3,0,0,4,8,2,4,4,9,4,6,1,0,0,1,No information,No information,No information,No information,4,1,2,3,302,354,14,22,52,42,29/56 (52%),40/80 (50%),5/17 (29%),2/13 (15%),51%,49%,6,8,24/56 (43%),32/56 (57%),14/19 (74%),5/19 (26%),2/6 (33%),6/7 (86%),56%,80%,9,10,6,8,56,47,22,8,No information,No information,12,9,0,1
https://www.sofascore.com/slovakia-malta/IObsXTb#id:9223767,Slovakia,Malta,"27/03/2021, 12:45",30%,70%,0,5,1,26,10,0,0,10,11,6,265,618,13,17,5,11,6,0,2,0,0,16,0,0,1,5,0,5,0,17,1,9,0,2,0,3,No information,No information,No information,No information,0,2,0,3,196,557,13,26,33,72,12/41 (29%),27/36 (75%),1/3 (33%),7/22 (32%),40%,60%,7,3,26/62 (42%),36/62 (58%),5/15 (33%),10/15 (67%),8/18 (44%),8/18 (44%),38%,65%,13,17,13,10,No information,No information,23,2,No information,No information,11,3,2,2
https://www.sofascore.com/slovakia-malta/IObsXTb#id:9223933,Slovakia,Malta,"14/11/2021, 06:00",70%,30%,5,0,26,1,0,10,10,0,6,11,618,265,17,13,11,5,0,6,0,2,16,0,0,0,5,1,5,0,17,0,9,1,2,0,3,0,No information,No information,No information,No information,2,0,3,0,557,196,26,13,72,33,27/36 (75%),12/41 (29%),7/22 (32%),1/3 (33%),60%,40%,3,7,36/62 (58%),26/62 (42%),10/15 (67%),5/15 (33%),8/18 (44%),8/18 (44%),65%,38%,17,13,10,13,No information,No information,2,23,No information,No information,3,11,0,6
https://www.sofascore.com/slovakia-norway/AObsXTb#id:10102031,Slovakia,Norway,"25/03/2022, 10:00",42%,58%,3,5,11,19,4,1,3,10,13,13,397,538,14,6,13,13,1,1,No information,No information,2,6,0,1,8,7,1,6,7,18,4,1,1,1,2,4,No information,No information,No information,No information,2,4,1,0,336,468,13,14,36,42,22/39 (56%),30/52 (58%),2/12 (17%),8/28 (29%),46%,54%,3,1,35/65 (54%),30/65 (46%),3/17 (18%),14/17 (82%),8/11 (73%),13/26 (50%),43%,50%,14,6,18,7,43,43,30,10,No information,No information,7,7,0,2
https://www.sofascore.com/slovakia-norway/AObsXTb#id:12021305,Slovakia,Norway,"26/03/2024, 11:00",42%,58%,3,5,11,19,4,1,3,10,13,13,397,538,14,6,13,13,1,1,No information,No information,2,6,0,1,8,7,1,6,7,18,4,1,1,1,2,4,No information,No information,No information,No information,2,4,1,0,336,468,13,14,36,42,22/39 (56%),30/52 (58%),2/12 (17%),8/28 (29%),46%,54%,3,1,35/65 (54%),30/65 (46%),3/17 (18%),14/17 (82%),8/11 (73%),13/26 (50%),43%,50%,14,6,18,7,43,43,30,10,No information,No information,7,7,1,1
https://www.sofascore.com/slovakia-russia/UTbsXTb#id:9223754,Slovakia,Russia,"30/03/2021, 11:45",26%,74%,No information,No information,10,27,5,1,6,14,12,9,248,697,9,6,8,12,1,2,No information,No information,1,5,0,0,5,12,4,10,5,15,5,12,No information,No information,No information,No information,No information,No information,No information,No information,4,2,1,0,155,617,19,17,31,66,16/48 (33%),54/77 (70%),3/8 (38%),9/34 (26%),50%,50%,2,5,23/46 (50%),23/46 (50%),14/28 (50%),14/28 (50%),6/10 (60%),5/9 (56%),78%,50%,9,6,16,9,No information,No information,26,10,No information,No information,11,6,2,1
https://www.sofascore.com/slovakia-russia/UTbsXTb#id:9223900,Slovakia,Russia,"08/10/2021, 11:45",74%,26%,No information,No information,27,10,1,5,14,6,9,12,697,248,6,9,12,8,2,1,No information,No information,5,1,0,0,12,5,10,4,15,5,12,5,No information,No information,No information,No information,No information,No information,No information,No information,2,4,0,1,617,155,17,19,66,31,54/77 (70%),16/48 (33%),9/34 (26%),3/8 (38%),50%,50%,5,2,23/46 (50%),23/46 (50%),14/28 (50%),14/28 (50%),5/9 (56%),6/10 (60%),50%,78%,6,9,9,16,No information,No information,10,26,No information,No information,6,11,0,1
https://www.sofascore.com/slovakia-scotland/VTbsXTb#id:8600791,Slovakia,Scotland,"11/10/2020, 11:45",49%,51%,4,0,14,8,4,5,4,1,16,15,511,544,12,10,14,15,3,6,No information,No information,5,5,0,0,6,2,3,1,10,1,4,7,No information,No information,4,0,1,0,No information,No information,4,0,1,0,427,463,19,12,50,45,46/70 (66%),30/63 (48%),6/28 (21%),0/7 (0%),58%,42%,4,10,39/72 (54%),33/72 (46%),21/32 (66%),11/32 (34%),13/19 (68%),8/10 (80%),58%,80%,12,10,9,3,No information,No information,9,25,No information,No information,3,10,0,1
https://www.sofascore.com/slovakia-scotland/VTbsXTb#id:8600825,Slovakia,Scotland,"15/11/2020, 06:00",51%,49%,0,4,8,14,5,4,1,4,15,16,544,511,10,12,15,14,6,3,No information,No information,5,5,0,0,2,6,1,3,1,10,7,4,No information,No information,0,4,0,1,No information,No information,0,4,0,1,463,427,12,19,45,50,30/63 (48%),46/70 (66%),0/7 (0%),6/28 (21%),42%,58%,10,4,33/72 (46%),39/72 (54%),11/32 (34%),21/32 (66%),8/10 (80%),13/19 (68%),80%,58%,10,12,3,9,No information,No information,25,9,No information,No information,10,3,1,0
https://www.sofascore.com/slovakia-slovenia/JObsXTb#id:9223849,Slovakia,Slovenia,"01/09/2021, 11:45",36%,64%,1,2,5,21,4,1,3,8,17,17,350,609,16,12,16,14,3,2,1,0,3,6,0,0,0,7,2,8,3,13,2,8,1,1,0,1,No information,No information,No information,No information,3,5,0,1,282,553,9,21,35,61,23/50 (46%),22/30 (73%),1/6 (17%),12/38 (32%),52%,48%,3,6,44/82 (54%),38/82 (46%),9/19 (47%),10/19 (53%),12/21 (57%),12/22 (55%),38%,58%,16,12,12,2,No information,No information,29,6,No information,No information,8,1,1,1
https://www.sofascore.com/slovakia-slovenia/JObsXTb#id:9223927,Slovakia,Slovenia,"11/11/2021, 11:45",64%,36%,2,1,21,5,1,4,8,3,17,17,609,350,12,16,14,16,2,3,0,1,6,3,0,0,7,0,8,2,13,3,8,2,1,1,1,0,No information,No information,No information,No information,5,3,1,0,553,282,21,9,61,35,22/30 (73%),23/50 (46%),12/38 (32%),1/6 (17%),48%,52%,6,3,38/82 (46%),44/82 (54%),10/19 (53%),9/19 (47%),12/22 (55%),12/21 (57%),58%,38%,12,16,2,12,No information,No information,6,29,No information,No information,1,8,2,2
https://www.sofascore.com/slovakia-sweden/NTbsXTb#id:8602448,Slovakia,Sweden,"18/06/2021, 06:00",58%,42%,0,2,10,13,3,0,6,7,7,16,609,432,10,10,16,6,3,1,No information,No information,0,4,0,0,5,5,5,4,7,8,3,5,0,1,0,1,0,1,No information,No information,0,2,3,1,537,361,14,16,37,60,29/52 (56%),16/41 (39%),5/21 (24%),5/22 (23%),56%,44%,2,6,34/64 (53%),30/64 (47%),28/47 (60%),19/47 (40%),9/17 (53%),14/18 (78%),80%,40%,10,10,4,6,No information,No information,21,23,0.73,0.00,4,8,0,1
https://www.sofascore.com/spain-slovakia/XTbsYTb#id:8602465,Slovakia,Spain,"23/06/2021, 09:00",34%,66%,0,4,3,19,6,0,0,7,14,7,345,666,16,12,7,14,2,2,No information,No information,0,9,0,1,2,6,1,4,1,14,2,5,0,1,0,3,1,1,No information,No information,0,6,1,0,271,598,20,19,30,43,23/52 (44%),27/34 (79%),0/0 (0%),7/20 (35%),44%,56%,5,13,25/57 (44%),32/57 (56%),7/16 (44%),9/16 (56%),2/9 (22%),7/10 (70%),63%,50%,16,12,12,8,No information,No information,20,1,0.39,0.00,9,2,5,0
https://www.sofascore.com/wales-slovakia/XTbscUb#id:12258885,Slovakia,Wales,"09/06/2024, 11:45",59%,41%,2,1,14,8,2,5,8,4,13,11,610,418,11,10,11,13,1,2,No information,No information,8,2,1,0,3,3,3,3,7,5,7,3,1,0,1,1,0,1,25,10,1,2,2,3,554,369,13,12,49,25,21/38 (55%),16/36 (44%),7/20 (35%),5/8 (63%),49%,51%,8,7,23/50 (46%),27/50 (54%),7/11 (64%),4/11 (36%),3/5 (60%),4/8 (50%),45%,60%,11,10,5,8,43,41,4,14,No information,No information,4,7,4,0
https://www.sofascore.com/wales-slovakia/XTbscUb#id:8078412,Slovakia,Wales,"24/03/2019, 07:00",41%,59%,1,2,8,14,5,2,4,8,11,13,418,610,10,11,13,11,2,1,No information,No information,2,8,0,1,3,3,3,3,5,7,3,7,0,1,1,1,1,0,10,25,2,1,3,2,369,554,12,13,25,49,16/36 (44%),21/38 (55%),5/8 (63%),7/20 (35%),51%,49%,7,8,27/50 (54%),23/50 (46%),4/11 (36%),7/11 (64%),4/8 (50%),3/5 (60%),60%,45%,10,11,8,5,41,43,14,4,No information,No information,7,4,0,1
